Family,Scientific Name,Common Name,Year Introduced,Year Established,Source,First Voucher,Stage,Pathway,In our data?,
SANZINIIDAE,Acrantophis dumerili Jan in Jan & Sordelli 1860,Dumeril’s Madagascan Ground Boa,2014,N/A,Hanslowe et al. 2015,UF 175573,2,Pet Trade,N,Y
ACROCHORDIDAE,Acrochordus javanicus (Hornstedt 1787),Javan File Snake,1970s,1970s,Krysko et al. 2011a,UF 151593–94,3,Pet Trade,Y,
HYPEROLIIDAE,Afrixalus fornasini (Bianconi 1849),Fornasini’s Spiny Reed Frog,2010,N/A,Krysko et al. 2011a,UF 163085,2,Pet Trade,Y,
AGAMIDAE,Agama picticauda Peters 1877,Peters’s Rock Agama,1976,1976,Wilson & Porras 1983; Nuñez 2016,UF 43490,Pet Trade,,Y,
COLUBRIDAE,Ahaetulla nasuta (Lacepède 1789),Common Vine Snake,2011,N/A,This Study,UF 166449,2,Pet Trade,Y,
COLUBRIDAE,Ahaetulla prasina (Boie 1827),Short-nosed Vine Snake,2011,N/A,This Study,UF 166448,2,Pet Trade,N,
TESTUDINIDAE,Aldabrachelys gigantea (Schweigger 1812),Aldabra Giant Tortoise,2012,N/A,This Study,UF 166523,2,Pet Trade,Y,
AMBYSTOMATIDAE,Ambystoma gracile (Baird 1859),Northwestern Salamander,2014,N/A,Rochford et al. 2015,UF 174498,2,Cargo,N,
TEIIDAE,Ameiva ameiva (Linnaeus 1758),Giant Ameiva,1953,1950s,Neill 1957; Duellman & Schwartz 1958,UMMZ 111408,Pet Trade,,Y,
TEIIDAE,Ameiva praesignis (Baird & Girard 1852),Borriguerro Ameiva,1970s,1970s,Wilson & Porras 1983; Ugueto & Harvey 2012,KU 206536,4b,Zoo,Y,
AMPHIUMIDAE,Amphiuma tridactylum Cuvier 1827,Three-toed Amphiuma,2009,N/A,Krysko et al. 2011a,"UF 157220, 157286",2,Pet Trade,N,
DACTYLOIDAE,Anolis allisoni Barbour 1928,Cuban Blue Anole,2014,N/A,Krysko et al. 2015,UF 170513,Pet Trade,,Y,
DACTYLOIDAE,Anolis chlorocyanus Duméril & Bibron 1837,Hispaniolan Green Anole,1987,1980s,Moler 1988,KU 210033,Pet Trade,,Y,
DACTYLOIDAE,Anolis coelestinus Cope 1862,Jeremie Anole,2009,N/A,Krysko et al. 2011a,UF 157133,Pet Trade,,N,
DACTYLOIDAE,Anolis cristatellus Duméril & Bibron 1837,Puerto Rican Crested Anole,1975,1970s,Schwartz & Thomas 1975,MCZ R-14622–265,Pet Trade,,Y,
DACTYLOIDAE,Anolis cybotes Cope 1862,Large-headed Anole,1964,1967,King & Krakauer 1966,UF 91063,Pet Trade,,Y,
DACTYLOIDAE,Anolis distichus Cope 1861,Bark Anole,1946,1940s,Smith & McCauley 1948,MCZ R-5000,Cargo,,Y,
DACTYLOIDAE,Anolis equestris Merrem 1820,Knight Anole,1952,1950s,Neill 1957,LACM 61680,Pet Trade,,Y,
DACTYLOIDAE,Anolis garmani Stejneger 1899,Jamaican Giant Anole,1975,1970s,Roberts 1977,LSUMZ 35367,Pet Trade,,Y,
DACTYLOIDAE,Anolis porcatus Gray 1840,Cuban Green Anole,1904,1900s,Barbour 1904,UF 91293 or 5,Cargo,,Y,
DACTYLOIDAE,Anolis sagrei,Brown Anole,1941,1940s,Oliver 1950,N/A,Pet Trade,,Y,
DACTYLOIDAE,Anolis trinitatis Reinhardt & Lütken 1862,St. Vincent Bush Anole,2004,2004,Krysko et al. 2011a,"UF 144299, 151034",Pe,,N,
TRIONYCHIDAE,Apalone spinifera (LeSueur 1827),Spiny Softshell,2008,N/A,Krysko et al. 2011a,UF 153765,2,Pet Trade,N,
TEIIDAE,Aspidoscelis motaguae (Sackett 1941),Giant Whiptail,1994,1990s,Bartlett 1995,KU 222210–11,4b,Pet Trade,Y,
CORYTOPHANIDAE,Basiliscus plumifrons Cope 1875,Green Basilisk,2015,N/A,Butterfield et al. 1997; This Study,UF 177256,2,Pet Trade,Y,
CORYTOPHANIDAE,Basiliscus vittatus Wiegmann 1828,Brown Basilisk,1963,1960s,King & Krakauer 1966,UF 124584,5,Pet Trade,Y,
BOIDAE,Boa constrictor constrictor (Linnaeus 1758),Common Boa,1960s,1970s,King & Krakauer 1966,UF 137070,3,Pet Trade,Y,
BOMBINATORIDAE,Bombina orientalis (Boulenger 1890),Oriental Fire-bellied Toad,2007,N/A,Krysko et al. 2011a,UF 152327,2,Pet Trade,Y,
DIPSADIDAE,Borikenophis portoricensis (Reinhardt and Lütken 1862),Puerto Rican Racer,2014,N/A,This Study,"UF 174739, 174815",2,Cargo,Y,
ALLIGATORIDAE,Caiman crocodilus (Linnaeus 1758),Spectacled Caiman,1950s,1950s,King & Krakauer 1966,UF 75207 (check: 4074b?),5,Pet Trade,Y,
CALABARIIDAE,Calabaria reinhardtii (Schlegel 1848),Calabar Burrowing Boa,2014,N/A,This Study,UF 174481,1,Pet Trade,Y,
AGAMIDAE,Calotes cf. versicolor (Daudin 1802),Bloodsucker Lizard,1978,1970s,Enge & Krysko 2004,UF 137448,Pet Trade,,Y,
TESTUDINIDAE,Centrochelys sulcata (Miller 1779),African Spurred Tortoise,2002,N/A,Krysko et al. 2011a,UF 151752,2,Pet Trade,Y,
SCINCIDAE,Chalcides ocellatus (Forskål 1775),Ocellated Skink,1999,2000s,Krysko et al. 2011a,UF 135284,3,Pet Trade,Y,
CHAMAELEONIDAE,Chamaeleo calyptratus Duméril & Bibron in Duméril & Duméril 1851,Veiled Chameleon,2000,2000s,Krysko et al. 2004,"UF 133251, 133255–57, 133259–63",,,Y,
CHAMAELEONIDAE,Chamaeleo senegalensis (Daudin 1802),Senegal Chameleon,2009,N/A,Krysko et al. 2011a,UF 157301,Pet Trade,,N,
TESTUDINIDAE,Chelonoidis carbonarius (Spix 1824),Red-footed Tortoise,2007,N/A,Meshaka et al. 2004; Krysko et al. 2011a,UF 153958,2,Pet Trade,Y,
TESTUDINIDAE,Chelonoidis denticulatus (Linnaeus 1766),Yellow-footed Tortoise,2012,N/A,Bartlett 1967b; This Study,UF 166994,2,Pet Trade,Y,
CHELYDRIDAE,Chelydra serpentina (Linnaeus 1758),Snapping Turtle,2013,N/A,Cove & Maurer 2015,UF 174814,2,Pet Trade,N,
BOIDAE,Chilabothrus granti (Stull 1933),Virgin Islands Boa,2014,N/A,This Study,UF 173081 (FWC 46759),2,Cargo,N,
BOIDAE,Chilabothrus inornatus (Reinhardt 1843),Puerto Rican Boa,2014,N/A,This Study,UF 174740,2,Cargo,Y,
BOIDAE,Chilabothrus strigilatus (Cope 1863),Exuma Cays Boa,2014,N/A,This Study,UF 173412,2,Pet Trade,Y,
GEKKONIDAE,Chondrodactylus bibronii (Smith 1846),Bibron’s Giant Thick-toed Gecko,2015,N/A,Bartlett & Bartlett 1999; This Study,UF 177320,Pet Trade,,Y,
GEKKONIDAE,Chondrodactylus turneri (Gray 1864),Turner’s Giant Thick-toed Gecko,2010,N/A,Krysko et al. 2011a,UF 157971,Pet Trade,,Y,
EMYDIDAE,Chrysemys dorsalis Agassiz 1857,Southern Painted Turtle,2008,2000s,Kail et al. 2011b; Krysko et al. 2011a,UF 153957,3,Pet Trade,N,
EMYDIDAE,Chrysemys picta bellii (Gray 1830),Western Painted Turtle,1933,N/A,Carr 1940; Krysko et al. 2011a,UF 18982,—,Pet Trade,Y,
COLUBRIDAE,Chrysopelea ornata Werner 1925,Golden Flying Snake,2011,N/A,This Study,UF 166451,2,Pet Trade,Y,
TEIIDAE,Cnemidophorus lemniscatus (Linnaeus 1758),Rainbow Whiptail,1964,1960s,King & Krakauer 1966,KU 209859,4b,Pet Trade,Y,
CROCODYLIDAE,Crocodylus niloticus Laurenti 1768,Nile Crocodile,1996–1997?,N/A,Quinn 1994; Rochford et al. 2016,UF 175632,2,Zoo,Y,
CROCODYLIDAE,Crocodylus niloticus Laurenti 1768,Nile Crocodile,2009,N/A,Quinn 1994; Friar & Plumb 2014; Rochford et al. 2016,"UF 175743, 165995, 173082",2,Pet Trade,Y,
CROTAPHYTIDAE,Crotaphytus collaris (Say in James 1822),Eastern Collared Lizard,2015,N/A,This Study,UF 177209,2,Pet Trade,N,
IGUANIDAE,Ctenosaura pectinata (Wiegmann 1834),Mexican Black Spiny-tailed Iguana,1960s,1960s,Eggert 1978,KU 206675,Pet Trade,,Y,
IGUANIDAE,Ctenosaura similis (Gray 1831),Gray’s Spiny-tailed Iguana,1970s,1970s,Butterfield et al. 1997,UF 91662,Pet Trade,,Y,
IGUANIDAE,Cyclura cornuta (Bonnaterre 1789),Rhinoceros Iguana,1960s,N/A,King & Krakauer 1966,Zoo,Pet Trade,,Y,
IGUANIDAE,Cyclura nubila nubila (Gray 1831),Cuban Rock Iguana,2004,N/A,Krysko et al. 2011a,UF 164356,Cargo,,N,
COLUBRIDAE,Dendrelaphis pictus (Gmelin 1789),Painted Bronze-backed Treesnake,2011,N/A,This Study,UF 166444,2,Pet Trade,Y,
HYLIDAE,Dendropsophis marmoratus (Laurenti 1768),Marbled Treefrog,2011,N/A,Rochford et al. 2011,UF 164381,2,Pet Trade,N,
TEIIDAE,Dracaena guianensis (Daudin 1801),Guyana Caiman Lizard,2012,N/A,This Study,UF 168600,2,Pet Trade,Y,
BUFONIDAE,Duttaphrynus melanostictus (Schneider 1799),Asian Black-spotted Toad,2010,N/A,Krysko et al. 2011a,UF 159699,1,Cargo,Y,
SCINCIDAE,Egernia cunninghami (Gray 1832),Cunningham’s Skink,2008,N/A,Krysko et al. 2011a,UF 153760,2,Pet Trade,N,
ELEUTHERODACTYLIDAE,Eleutherodactylus coqui Thomas 1966,Coqui,1973,N/A,Austin & Schwartz 1975,MPM 24418,2,Cargo,Y,
ELEUTHERODACTYLIDAE,Eleutherodactylus planirostris (Cope 1862),Greenhouse Frog,1863,1860s,Cope 1863,USNM 30955,5,Cargo,Y,
BOIDAE,Epicrates cenchria (Linnaeus 1758),Rainbow Boa,1997,N/A,Krysko et al. 2011a,UF 123128,2,Pet Trade,Y,
BOIDAE,Epicrates maurus (Gray 1849),Brown Rainbow Boa,2014,N/A,This Study,"UF 173416, 177205",2,Pet Trade,N,
HOMALOPSIDAE,Erpeton tentaculatum Lacepède 1800,Tentacled Snake,2010,N/A,Holbrook & Krysko 2011,UF 163086,2,Pet Trade,Y,
BOIDAE,Eryx colubrina (Linnaeus 1758),Egyptian Sand Boa,2007,N/A,Krysko et al. 2011a,UF 151512,2,Pet Trade,Y,
BOIDAE,Eryx muelleri (Boulenger 1892),West African Sand Boa,2009,N/A,Krysko et al. 2011a,UF 155335,2,Pet Trade,N,
EUBLEPHARIDAE,Eublepharis macularius (Blyth 1854),Leopard Gecko,2011,N/A,This Study,UF 166452,Pet Trade,,Y,
BOIDAE,Eunectes murinus (Linnaeus 1758),Green Anaconda,2004,N/A,Dalrymple 1994; Snow et al. 2007b; Krysko et al. 2011a,UF 143935,2,Pet Trade,Y,
BOIDAE,Eunectes notaeus (Cope 1862),Yellow Anaconda,2007,N/A,Dalrymple 1994; Reed & Rodda 2009; Krysko et al. 2011a,UF 152688,2,Pet Trade,Y,
SCINCIDAE,Eutropis multifasciata (Kuhl 1820),Brown Mabuya,1990,1990s,Meshaka 1999,USNM 523790,4b,Cargo,Y,
CHAMAELEONIDAE,Furcifer lateralis (Gray 1831),White-lined Chameleon,2011,N/A,This Study,UF 166453,Pet Trade,,Y,
CHAMAELEONIDAE,Furcifer oustaleti (Mocquard 1894),Oustalet’s Chameleon,2000,2000s,Gillette et al. 2010,UF 163066–084,Pet Trade,,Y,
CHAMAELEONIDAE,Furcifer pardalis (Cuvier 1829),Panther Chameleon,2008,2013,Krysko et al. 2011a; Rochford et al. 2013,"UF 153489, 1707801–023",Pet Trade,,Y,
GEKKONIDAE,Gehyra mutilata (Wiegmann 1834),Mutilating Gecko,1996,N/A,Meshaka et al. 2004,EVER 303436,Pet Trade,,N,
GEKKONIDAE,Gekko badenii Szczerbak & Nekrasova 1994,Golden Gecko,2008,2000s,Krysko et al. 2011a,UF 153894,Pet Trade,,Y,
GEKKONIDAE,Gekko gecko (Linnaeus 1758),Tokay Gecko,1964,1960s,King & Krakauer 1966,UF 99183,Pet Trade,,Y,
GEKKONIDAE,Gekko grossmanni Günther 1994,Marbled Gecko,2008,N/A,Krysko et al. 2011a,UF 152730,Pet Trade,,Y,
GEKKONIDAE,Gekko vittatus (Houttuyn 1782),Lined Gecko,2009,N/A,Krysko et al. 2011a,"UF 157035, 157327",Pet Tra,,Y,
EMYDIDAE,Glyptemys insculpta (Le Conte 1830),Wood Turtle,2009,N/A,Krysko et al. 2011a,UF 159391,2,Pet Trade,N,
SPHAERODACTYLIDAE,Gonatodes albogularis,Yellow-headed Gecko,1965,N/A,King & Krakauer 1966,—,Pet Trade,,N,
AGAMIDAE,Gonocephalus grandis (Gray 1845),Giant Forest Dragon,2011,N/A,This Study,UF 166447,Pet Trade,,Y,
EMYDIDAE,Graptemys ouachitensis Cagle 1953,Ouachita Map Turtle,2006,N/A,Enge et al. 2007,UF 150157,2,Pet Trade,Y,
EMYDIDAE,Graptemys pseudogeographica kohnii (Baur 1890),Mississippi Map Turtle,2010,N/A,Kail et al. 2011a,UF 159338,2,Pet Trade,Y,
GEKKONIDAE,Hemidactylus frenatus Schlegel in Duméril & Bibron 1836,House Gecko,1993,1990s,Meshaka et al. 1994,"USNM 504381–83, 504379–80",Pet Trade,,Y,
GEKKONIDAE,Hemidactylus garnotii Duméril & Bibron 1836,Indo-Pacific Gecko,1963,1960s,King & Krakauer 1966,MCZ 77585,Cargo,,Y,
GEKKONIDAE,Hemidactylus mabouia (Moreau de Jonnès 1818),Wood Slave,1980s,1980s,Lawson et al. 1991,CAS 174849–53,Cargo,,Y,
GEKKONIDAE,Hemidactylus platyurus (Schneider 1792),Asian Flat-tailed House Gecko,1984,1980s,Meshaka & Lewis 1994,"KU 222278–80, 223403",Pet Trade,,Y,
GEKKONIDAE,Hemidactylus turcicus,Mediterranean House Gecko,1960s,1960s,King & Krakauer 1966,—,Pet Trade,,Y,
HYLIDAE,Hyla savignyi Audouin 1827,Savigny’s Treefrog,2011,N/A,This Study,UF 166454,1,Cargo,Y,
SALAMANDRIDAE,Hypselotriton orientalis (David 1873),Oriental Fire-bellied Newt,2009,N/A,Krysko et al. 2011a,UF 157033,2,Pet Trade,Y,
IGUANIDAE,Iguana iguana (Linnaeus 1758),Green Iguana,1964,1960s,King & Krakauer 1966,UF 229105,Pet Trade,,Y,
TYPHLOPIDAE,Indotyphlops braminus (Daudin 1803),Brahminy Blind Snake,1979,1970s,Wilson & Porras 1983,AUM 326815,Cargo,Cargo,Y,
MICROHYLIDAE,Kaloula pulchra Gray 1831,Malaysian Painted Frog,2008,N/A,Krysko et al. 2011a,UF 153704,2,Pet Trade,N,
TESTUDINIDAE,Kinixys homeana Bell 1827,Home’s Hinge-backed Tortoise,2011,N/A,This Study,UF 165857,2,Pet Trade,Y,
COLUBRIDAE,Lampropeltis abnorma (Bocourt 1886),Guatemalan Milksnake,2009,N/A,Krysko et al. 2011a,UF 157203,2,Pet Trade,N,
COLUBRIDAE,Lampropeltis alterna (Brown 1901),Gray-banded Kingsnake,2010,N/A,Krysko et al. 2011a,UF 158776,2,Pet Trade,N,
COLUBRIDAE,Lampropeltis californiae (Blainville 1835),California Kingsnake,1992,N/A,Bartlett & Bartlett 2003; Krysko et al. 2011a,UF 135053,2,Pet Trade,N,
COLUBRIDAE,Lampropeltis gentilis (Baird and Girard 1853),Western Milksnake,2015,N/A,This Study,UF 177327,2,Pet Trade,N,
COLUBRIDAE,Lampropeltis polyzona Cope 1861,Atlantic Central American Milksnake,2009,N/A,Krysko et al. 2011a,UF 155625,2,Pet Trade,N,
LAMPROPHIIDAE (or PSEUDOXYRHOPHIIDAE),Langaha madagascariensis Bonnaterre 1790,Madagascar Leaf-nosed Snake,2015,N/A,This Study,UF 175756,2,Pet Trade,Y,
LEIOCEPHALIDAE,Leiocephalus carinatus,Northern Curly-tailed Lizard,1940s,1940s,Weigl et al. 1969,—,Biological Control,,Y,
LEIOCEPHALIDAE,Leiocephalus personatus Cope 1862,Haitian Curly-tailed Lizard,2004,N/A,"Bartlett 1994; Krysko et al. 2010a, 2011a",UF 145733,Pet Trade,,N,
LEIOCEPHALIDAE,Leiocephalus schreibersii (Gravenhorst 1837),Red-sided Curly-tailed Lizard,1978,1970s,Wilson & Porras 1983,UF 121397–99,Pet Trade,,Y,
AGAMIDAE,Leiolepis belliana (Gray 1827),Beautiful Butterfly Lizard,1992,1990s,Krysko & Enge 2005,UF 141589–91,Pet Trade,,Y,
AGAMIDAE,Leiolepis rubritaeniata Mertens 1961,Red-banded Butterfly Lizard,2010s,2010s,Krysko et al. 2013,"UF 167804, 167182, 171120",Pet Trade,,Y,
PYTHONIDAE,Leiopython fredparkeri Schleip 2008,Parker’s Python,2006,N/A,Krysko et al. 2011a,UF 159916,2,Pet Trade,N,
GEKKONIDAE,"Lepidodactylus lugubris (Duméril & Bibron 1836), Clone C",Mourning Gecko,2005,2000s,Meshaka et al. 2004; Krysko et al. 2011a,UF 151603,Pet Trade,,Y,
HYLIDAE,Litoria caerulea (White 1790),Great Green Treefrog,2003,N/A,Bartlett 1994; Krysko et al. 2011a,UF 146573,2,Pet Trade,N,
GEKKONIDAE,Lygodactylus luteopicturatus Pasteur 1964,Yellow-headed Dwarf Gecko,2011,N/A,This Study,UF 166455,Pet Trade,,N,
GEKKONIDAE,Lygodactylus williamsi Loveridge 1952,Turquoise Dwarf Gecko,2009,N/A,Krysko et al. 2011a,UF 161359,Pet Trade,,N,
CHELYDRIDAE,Macrochelys suwanniensis Thomas et al. 2014,Suwannee Alligator Snapping Turtle,1916,N/A,Thomas et al. 2014,AMNH 82872,—,Pet Trade,N,
PYTHONIDAE,Malayopython reticulatus (Schneider 1801),Reticulated Python,1989,N/A,Neil & Smith Dampier 1989; Krysko et al. 2011a,UF 163091,2,Pet Trade,N,
TESTUDINIDAE,Manouria emys emys (Schlegel & Müller 1840),Asian Brown Giant Tortoise,2011,N/A,This Study,UF 166451,2,Pet Trade,Y,
GEOEMYDIDAE,Mauremys sinensis (Gray 1834),Chinese Stripe-necked Turtle,1972,N/A,Jackson 2012,UF 166135,2,Pet Trade,Y,
CROCODYLIDAE,Mecistops cataphractus (Cuvier 1825),West African Slender-snouted Crocodile,1983,N/A,Anonymous 1983; Krysko et al. 2011a,UF 163093,2,Zoo,N,
PYTHONIDAE,Morelia spilota (Lacepède 1804),Carpet Python,2009,N/A,Krysko et al. 2011a,UF 157128,2,Pet Trade,Y,
ELAPIDAE,Naja kaouthia Lesson 1831,Monocled Cobra,2015,N/A,Wilson & Porras 1983,UF 176955,2,Pet Trade,N,
ELAPIDAE,Ophiophagus hannah (Cantor 1836),King Cobra,2001,N/A,Stutzman 2001; This Study,"UF 176852, 176873",2,Pet Trade,N,
COLUBRIDAE,Orthriophis taeniurus (Cope 1861),Beauty Snake,2011,N/A,This Study,UF 175345,2,Pet Trade,Y,
HYLIDAE,Osteopilus septentrionalis (Duméril & Bibron 1841),Cuban Treefrog,1920s,1920s,Barbour 1931,USNM 85392–97,5,Cargo,Y,
SALAMANDRIDAE,Pachytriton labiatus (Unterstein 1930),Spotless Stout Newt,2010,N/A,Krysko et al. 2011a,UF 157219,2,Pet Trade,Y,
ALLIGATORIDAE,Paleosuchus trigonatus (Schneider 1801),Schneider’s Smooth-fronted Caiman,1999,N/A,Krysko et al. 2011a; This Study,"UF 165484, UF 153469",2,Pet Trade,N,
COLUBRIDAE,Pantherophis obsoletus (Say in James 1822),Western Ratsnake,2009,N/A,Krysko et al. 2011a,UF 155624,2,Pet Trade,N,
PELOMEDUSIDAE,Pelusios sinuatus (Smith 1838),Serrated Hinged Terrapin,2012,N/A,This Study,UF 169961,2,Pet Trade,Y,
GEKKONIDAE,Phelsuma dubia (Boettger 1881),Dull Day Gecko,2009,N/A,Krysko et al. 2011a,UF 157201,Pet Trade,,N,
GEKKONIDAE,Phelsuma grandis Gray 1870,Madagascar Giant Day Gecko,1990s,1990s,Bartlett & Bartlett 1999,"UF 130735–37, 131553–54",Pet Trade,,Y,
GEKKONIDAE,Phelsuma laticauda (Boettger 1880),Gold Dust Day Gecko,2003,2010s,Bartlett & Bartlett 2006; Krysko et al. 2011a; Krysko & Borgia 2012,"UF 137087, 168519–20",Pet Trade,,Y,
GEKKONIDAE,Phelsuma standingi Methuen & Hewitt 1913,Standing’s Day Gecko,1995,N/A,Krysko et al. 2011a,UF 163090,Pet Trade,,N,
PHRYNOSOMATIDAE,Phrynosoma cornutum (Harlan 1825),Texas Horned Lizard,1928,1930s,De Sola 1934,FMNH 110374,Pet Trade,,Y,
AGAMIDAE,Physignathus cocincinus Cuvier 1829,Chinese Water Dragon,2010,N/A,Krysko et al. 2011a,UF 158809,Pet Trade,,Y,
COLUBRIDAE,Pituophis catenifer (Blainville 1835),Gophersnake,2015,N/A,This Study,UF 175774,2,Pet Trade,N,
COLUBRIDAE,Pituophis ruthveni Stull 1929,Louisiana Pinesnake,2010,N/A,"Krysko et al. 2011a, 2014",UF 157954,2,Pet Trade,N,
CHELIDAE,Platemys platycephala (Schneider 1792),Twist-necked Turtle,1985,N/A,Krysko et al. 2011a,UF 154589,2,Pet Trade,N,
AGAMIDAE,Pogona vitticeps (Ahl 1826),Inland Bearded Dragon,2005,N/A,Krysko et al. 2011a,UF 152677,Pet Trade,,Y,
HYLIDAE,"Pseudacris sierra (Jameson, Mackey & Richmond 1966)",Sierran Chorus Frog,1983,N/A,Krysko et al. 2011a,UF 116750–51,1,Cargo,N,
GEKKONIDAE,Ptychozoon kuhli Stejneger 1902,Kuhl’s Gliding Gecko,2011,N/A,This Study,UF 166458,Pet Trade,,Y,
GEKKONIDAE,Ptychozoon lionotum Annandale 1905,Smooth-backed Gliding Gecko,2003,N/A,Enge et al. 2004; Krysko et al. 2011a,UF 137764,Pet Trade,,N,
PYTHONIDAE,Python bivittatus Kuhl 1820,Burmese Python,1979,1980s,Dalrymple 1994; Meshaka et al. 2000,"EVER 301944, 305096",5,Pet Trade,Y,
PYTHONIDAE,Python regius (Shaw 1802),Ball Python,1995,N/A,Beltz 1995; Krysko et al. 2011a,UF 152562,2,Pet Trade,Y,
PYTHONIDAE,Python sebae (Gmelin 1789),Northern African Rock Python,2002,2000s,"Dalrymple 1994; Meshaka et al. 2004; Reed et al. 2010, 2011",UF 153699,4,Pet Trade,Y,
BUFONIDAE,Rhinella marina (Linnaeus 1758) sensu lato,Cane Toad,1936,N/A,Lobdell 1936,UMMZ 113000,2,Biological Control,Y,
GEOEMYDIDAE,Rhinoclemmys pulcherrima (Gray 1856),Painted Wood Turtle,2006,N/A,"Krysko et al. 2011a, 2012",UF 121604,2,Pet Trade,Y,
GEOEMYDIDAE,Rhinoclemmys punctularia (Daudin 1801),Spot-legged Wood Turtle,2008,N/A,Bartlett & Bartlett 2006; Krysko et al. 2011a,UF 153697,2,Pet Trade,N,
TEIIDAE,Salvator merianae (Duméril & Bibron 1839),Argentine Black & White Tegu,2002,2000s,Enge et al. 2006,UF 135044,5,Pet Trade,Y,
TEIIDAE,Salvator rufescens (Günther 1871),Red Tegu,2007,N/A,Krysko et al. 2011a,UF 151510,2,Pet Trade,Y,
CORDYLIDAE,Smaug mossambicus (FitzSimons 1958),Gorongosa Girdled Lizard,2006,N/A,"Krysko et al. 2010a, 2011a",UF 153698,2,Pet Trade,N,
SPHAERODACTYLIDAE,Sphaerodactylus argus Gosse 1850,Ocellated Gecko,1944,1940s,Savage 1954,"CAS-SU 10439–40, 10442",Cargo,,N,
SPHAERODACTYLIDAE,Sphaerodactylus elegans MacLeay 1834,Ashy Gecko,1921,1920s,Stejneger 1922,MCZ 31636–43,Cargo,,Y,
COLUBRIDAE,Spilotes pullatus (Linnaeus 1758),Tiger Chicken Snake,1976,N/A,Bartlett 1967a; This Study,UF 117934,2,Pet Trade,N,
STAUROTYPIDAE,Staurotypus salvinii Gray 1864,Pacific Coast Giant Musk Turtle,2010,2010s,Smith et al. 2011; This Study,UF 160342,3,Pet Trade,Y,
AGAMIDAE,Stellagama stellio (Linnaeus 1758),Rough-tailed Rock Agama,1996,N/A,Meshaka et al. 2004,EVER 30417,Pet Trade,,N,
KINOSTERNIDAE,Sternotherus carinatus (Gray 1856),Razor-backed Musk Turtle,2008,N/A,Krysko et al. 2011a,UF 154191,2,Pet Trade,N,
TESTUDINIDAE,Stigmochelys pardalis (Bell 1828),Leopard Tortoise,2009,N/A,Krysko et al. 2011a,UF 155440,2,Pet Trade,N,
LACERTIDAE,Takydromus sexlineatus ocellatus (Guérin-Méneville 1829),Ocellated Grass Lizard,2009,N/A,"Krysko et al. 2011a, 2012",UF 157202,2,Pet Trade,N,
PHYLLODACTYLIDAE,Tarentola annularis (Geoffroy Saint-Hilaire 1827),White-spotted Wall Gecko,1990,1990s,Bartlett 1997,"EVER 302922, 303438–43",Pet Trade,,Y,
PHYLLODACTYLIDAE,Tarentola mauritanica (Linnaeus 1758),Moorish Gecko,1996,1990s,Bartlett & Bartlett 1999; Krysko et al. 2011a,UF 157285,Pet Trade,,Y,
TESTUDINIDAE,Testudo horsfieldii (Gray 1844),Horsfield’s Tortoise,2008,N/A,"Krysko et al. 2010a, 2011a","UF 152758, 159551",2,Pet Trade,Y,
SCINCIDAE,Tiliqua scincoides (White 1790),Eastern Blue-tongued Skink,2007,N/A,Krysko et al. 2011a,UF 152392,2,Pet Trade,N,
EMYDIDAE,Trachemys callirostris (Gray 1855),Colombian Slider,1972,N/A,Bartlett 1967b; Krysko et al. 2011a,"UF 154026, 155125",2,Pet Trade,N,
EMYDIDAE,Trachemys scripta elegans (Wied‐Neuwied 1839),Red-eared Slider,1958,1960s,King & Krakauer 1966,CU 130345,—,Pet Trade,Y,
EMYDIDAE,Trachemys venusta (Gray 1855),Huastecan Slider,2009,N/A,Kail et al. 2010,UF 157304,2,Pet Trade,Y,
SCINCIDAE,Trachylepis perrotetii (Duméril & Bibron 1839),Fire-sided Skink,2008,N/A,"Krysko et al. 2011a, 2012",UF 153513,2,Pet Trade,N,
SCINCIDAE,Trachylepis quinquetaeniata (Lichtenstein 1823),African Five-lined Skink,2010,2000s,Krysko et al. 2010b,UF 157446–50,4b,Pet Trade,Y,
CHAMAELEONIDAE,Trioceros jacksonii (Boulenger 1896),Jackson’s Chameleon,2014,N/A,Bartlett & Bartlett 1995; This Study,UF 174349,Pet Trade,,N,
CHAMAELEONIDAE,Trioceros melleri (Gray 1865),Meller’s Chameleon,2008,N/A,Krysko et al. 2011a,UF 153465,Pet Trade,,N,
TROPIDURIDAE,Tropidurus hispidus (Spix 1825),Peters’s Lava Lizard,2003,N/A,Enge et al. 2004; Krysko et al. 2011a,UF 137411–13,Pet Trade,,Y,
TEIIDAE,Tupinambis teguixin (Linnaeus 1758),Gold Tegu,1990,2000s,Anonymous 1990; Krysko et al. 2011a,UF 153696,3,Pet Trade,Y,
TYPHLOPIDAE,Typhlops lumbricalis (Linnaeus 1758),Earthworm Snake,1930,N/A,Myers 1958,UF 89952,Cargo,Cargo,N,
TROPIDURIDAE,Uranoscodon superciliosus (Linnaeus 1758),Mop-headed Iguana,2004,N/A,"Krysko et al. 2010a, 2011a",UF 145734,Pet Trade,,N,
AGAMIDAE,Uromastyx dispar maliensis Joger & Lambert 1996,Southern Saharan Spiny-tailed Lizard,2009,N/A,Krysko et al. 2011a,UF 159616,Pet Trade,,N,
VARANIDAE,Varanus albigularis albigularis (Daudin 1802),Southern White-throated Monitor,2008,N/A,"Krysko et al. 2011a, 2012",UF 153409,2,Pet Trade,Y,
VARANIDAE,Varanus doreanus (Meyer 1874),Blue-tailed Monitor,2010,N/A,"Krysko et al. 2011a, 2012",UF 160345,2,Pet Trade,Y,
VARANIDAE,Varanus exanthematicus (Bosc 1792),Savannah Monitor,1992,N/A,Prusak 1992,UF 135537,2,Pet Trade,Y,
VARANIDAE,Varanus jobiensis (Ahl 1932),Peach-throated Monitor,2008,N/A,Krysko et al. 2011a,UF 154404,2,Pet Trade,Y,
VARANIDAE,Varanus niloticus (Linnaeus 1766) sensu lato,Nile Monitor,1981,1990s,Dalrymple 1994; Campbell 2003; This Study,UF 165874,5,Pet Trade,Y,
VARANIDAE,Varanus panoptes (Storr 1980),Yellow-spotted Monitor,2015,N/A,This Study,UF 175626,2,Pet Trade,Y,
VARANIDAE,Varanus salvadorii (Peters & Doria 1878),Crocodile Monitor,2009,N/A,Krysko et al. 2011a,UF 159511,2,Pet Trade,Y,
VARANIDAE,Varanus salvator (Laurenti 1768),Water Monitor,1978,N/A,Beltz 1992; Krysko et al. 2011a,UF 6546,12,Pet Trade,Y,
PIPIDAE,Xenopus laevis (Daudin 1802),African Clawed Frog,1970s?,1970s?,King & Krakauer 1966; Krysko et al. 2011a; This Study,"UF 158477, 172054–55, 173050",3,Pet Trade,Y,
GERRHOSAURIDAE,Zonosaurus laticaudatus (Grandidier 1869),Western Girdled Lizard,2012,N/A,This Study,UF 174445,2,Pet Trade,N,
