species,distribution
Tropidoclonion lineatum,"C USA (incl. Illinois, Kansas, Oklahoma, Nebraska, Texas, New Mexico, Colorado)

annectens: NE Texas, Oklahoma, Arkansas; Type locality: Tulsa, Oklahoma.

iowae: USA (Iowa); Type locality: USA: Des Moines, Polk County, Iowa; 1888.

lineatum: NW Texas, W Oklahoma; Type locality: Kansas. Restricted to vicinity of Kansas City, Kansas, USA fide K.P. Schmidt (1953: 176) and to the vicinity of Fort Leavenworth, Kansas, USA fide L.W. Ramsay (1953: 9).

mertensi: USA (New Mexico); Type locality: Watrous, San Miguel County, New Mexico.

texanum: Texas, Oklahoma; Type locality: F.W. Allen ranch  13 miles south of Bertram, Burnet Co."
Terrapene triunguis,"USA (Alabama, Arkansas, Illinois, Kansas, Louisiana, Mississippi, Missouri, Oklahoma, Texas)

Type locality: “Louisiana and Mississippi . . . New Orleans . . . Osage River . . . and from Georgia.” Restricted to “New Orleans, Louisiana,” by Schmidt (1953: 94)."
Anolis barbatus,"Cuba (Sierra del Rosario)

Type locality: Limestone uplands at Ojo de Agua, Cinco Pesos, about 9 km NW San Cristóbal, Pinar del Rio Province, Cuba."
Gehyra mutilata,"Madagascar, Mascarene Islands (Mauritius, Reunion, Rodrigues), Seychelles, Nossi Be = Nosy Bé,

Asia: Sri Lanka, India (incl. Andaman Islands, Nicobar Islands, Kerala), Thailand,  Vietnam, Malaysia  (incl. Pulau Tioman, Pulau Pangkor, Johor: Pulau Besar, Tuba Island), Cambodia, Laos,
S China (Yunnan, Hainan, Hong Kong), Taiwan,
Japan (Okinawa), Oceania, Philippines (Palawan, Calamian Islands, Panay, Luzon, Mindoro, Bohol, Masbate, Cebu, Camiguin Sur, Misamis Oriental), Singapore, Palau, New Guinea, Indonesia (Sumatra, Java, Borneo, Sulawesi, Timor, Halmahera, Komodo, Flores, Bali, Morotai, Natuna islands), Timor-Leste,

Oceania: Western Samoa, Fiji Islands, Tonga Islands, Toga Island, Cocos Islands, Micronesia (e.g. Mortlock Islands, Chuuk), Christmas Islands, Guam, Solomon Islands [McCoy 2000],

Australia (Cook Island, CKI), Nauru, Vanuatu

Mexico (introduced to Chiapas, San Luis Potosí, Jalisco [HR 32: 57], Nayarit, Colima, Sinaloa, Veracruz)
USA (introduced to Hawaii, S California)

French Guiana (Ineich & Mssary 1997)

Type locality: Manila (Philippines)

butleri: W Malaysia (Selangor); Type locality: Kuala Lumpur, Malaysia.

Type locality:"
Sternotherus carinatus,"USA (Gulf Coastal Plain of (Alabama, SE Oklahoma, C/S Arkansas, Mississippi, E Texas, Louisiana)

Type locality: ""Louisiana""; restricted to ""vicinity of New Orleans,"" Louisiana, U.S.A., by Schmidt (1953:87)."
Rhinoclemmys funerea,"S Honduras (Caribbean drainages from the Rio Coco southward),
Nicaragua, Panama (north of the Canal Zone), Costa Rica

Type locality: ""Limón"" (=Puerto Limón), Costa Rica."
Heterodon nasicus,"Canada (Manitoba, Alberta, Saskatchewan),
USA (Montana, North Dakota, South Dakota, Nebraska, E Wyoming, Illinois, Iowa, E Colorado, New Mexico, Kansas, Oklahoma, Texas, W Minnesota, New Mexico)

Type locality: “Texas”; Restricted to Rio Grande, approx. 19 air miles (30.6 km) downstream from Eagle Pass, Maverick County, Texas, by WEBB & ECKERMAN (1998).

gloydi: USA (Texas, Oklahoma); Type locality: ""Wheelock, Robertson County, Texas."""
Lampropeltis splendida,"USA (C Texas to SE Arizona; isolated records from N New Mexico and S Colorado), NC Mexico (incl. San Luis Potosi, Durango, Tamaulipas, Chihuahua, Nuevo León, Coahuila); .

Type Locality: Sonora, Mexico (no further locality given)."
Lampropeltis californiae,"USA (California, S. Oregon, W/S Nevada, S Utah, Arizona
Mexico (Baja California, Sonora)

Introduced to Gran Canaria (Hilger & Kwet 2015, López-González et al. 2025)

Type Locality: ‘California’ (Blainville 1835). Restricted to Fresno, California by Schmidt (1953).

conjuncta: Cape San Lucas."
Spilotes pullatus,"S Mexico (Chiapas, Oaxaca, Tamaulipas, Quéretaro, Campeche , Yucatan, Quintana Roo etc.), Belize, Guatemala, El Salvador, Honduras, Nicaragua, Costa Rica, Panama, Trinidad, Tobago, Isla Margarita,
Colombia (incl. Valle del Cauca), Venezuela (Merida [HR 31: 57]), Brazil (Rio Grande do Sul, Goias, Pará, Sergipe, S Ceará, Piauí, Minas Gerais, Rio de Janeiro, Espírito Santo, Pernambuco, Paraíba), Ecuador, Peru, Argentina (Misiones, Chaco, Formosa, Salta), Bolivia (Beni), Guyana, Suriname, French Guiana, Paraguay (fide Paul Smith, pers. comm., 27 Apr 2014)

anomalepis: Brazil (Roraima, Bahia, Rio Grande de Sul)

argusiformis: Honduras

auribundus: Mexico (Veracruz); Type locality: Mirador, Veracruz, Mexico.

mexicanus: Mexico (San Luis Potosí, Veracruz, Tamaulipas, Hidalgo [HR 32: 280])

Type locality: “Asia” (fide LINNAEUS 1758; in error)

Type locality: Espírito Santo, Brazil (= Araçatiba, Viana, -40,4892 -20,4622, fide A. Schmidt, pers. comm. 22 Aug 2017) [Coluber variabilis]"
Pituophis catenifer,"Canada (British Columbia, Alberta, Saskatchewan),
USA (Washington, Oregon, Wisconsin, Illinois, Indiana, Kansas, South Dakota, Iowa, California, New Mexico, Arizona),
Mexico (Baja California, Aguascalientes, Nuevo León, Sonora, Durango, Hidalgo, Zacatecas, N Veracruz, San Luis Potosí, Hidalgo)

affinis: USA (W Texas, New Mexico, Arizona, SE California),  Mexico (Zacatecas and S Sinaloa, Sonora, San Luis Potosi, Coahuila, Chihuahua); Type locality: New Mexico.

annectens: USA (California), Mexico (N Baja California); Type locality: San Diego, California.

catenifer: USA (N California, W Oregon, W Washington), Canada (S British Columbia); Type locality: California.

coronalis (invalid): California: Coronado Island; Type locality: Coronado Island

deserticola: USA (E Washington, Oregon, E California, Nevada, Idaho, N Arizona, NW New Mexico, W Colorado, Utah, SW Wyoming); Type locality: Great Basin and southwestern deserts. Lectotype locality: east slope of Beaverdam Mountain, Washington County, Utah.

fulginatus: Mexico (Baja California, San Martín Island); Type locality: San Martín Island.

mexicanus (invalid): Mexico (Nuevo Leon); Type locality: restricted to Sabinas Hidalgo in northern Nuevo León by Smith & Taylor (1950).

pumilus: USA (California: Santa Cruz Island); Type locality: Santa Cruz Island

sayi: Canada (S Alberta, S Saskatchewan), USA (Montana, SW North Dakota, South Dakota, Illinois, Indiana, Iowa, Colorado, Wyoming, Kansas, E New Mexico, Minnesota, Nebraska, Oklahoma (BURT 1935), Wisconsin, Texas), Mexico (Chihuahua, Coahuila, Tamaulipas); Type locality: Missouri."
Phelsuma standingi,"SW Madagascar

Type locality: restricted to forests near the Onilahy River near Maroamalona, SW Madagascar (LOVERIDGE 1942)."
Pantherophis obsoletus,"C USA (west of the Mississippi River from S Louisiana along the Gulf Coast to S Texas, west to C Texas on the Edward’s Plateau, and through Oklahoma, C and E Kansas, SE Nebraska, SE Iowa, and extreme SE Minnesota)(fide BURBRINK 2001, Hammerson 2019, IUCN)

Type locality: “on the Missouri River from the vicinity of Isle au Vache [Cow Island] to Council Bluff” (Say, 1823); restricted to the vicinity of Cow Island, Leavenworth County, Kansas, 39.425296°, -94.962343° (Dowling 1952, Taggart 2021).

lindheimeri: Texas, Oklahoma, Arkansas, Louisiana. Type locality: “New Braunfels, Comal County, Texas”"
Python brongersmai,"Sumatra, Thailand (Grossmann & Tillack 2001), Vietnam, W Malaysia

Type locality: Singapore, 1.3666667°, 103.8° (WGS84) , Error: 16.01 m."
Scincopus fasciatus,"Morocco, Algeria, Tunisia, Western Sahara,
Mauritania, Mali, Niger, Chad, Sudan (Jumhūriyyat), Republic of South Sudan (RSS), Libya, Sahara

Type locality: Geryville (Oran) in Algerien” [Algeria].

melanocephalus: from Red Sea coast in Sudan (Jumhūriyyat), Republic of South Sudan (RSS); Type locality: Suakin (= Sawakin), NE Sudan (Jumhūriyyat), Republic of South Sudan (RSS), 19° 07’ N, 37° 20’ E)."
Crotaphytus collaris,"USA (Arizona, Nevada, SE Utah, S Colorado, New Mexico, Texas, Oklahoma, Kansas, Missouri, Illinois, Arkansas),
Mexico (Baja California, Sonora, Chihuahua, N Durango, Coahuila, N Zacatecas, Nuevo Leon; W Louisiana)

auriceps: E Utah, NW Colorado; Type locality: ""3 1/2 mi. NNE Dewey, west side of the Colorado River, Grand County, Utah"".

baileyi: USA (New Mexico, Utah, Texas), Mexico (Coahuila); Type locality: ""Painted Desert, Little Colorado River, Arizona""

collaris: Texas

fuscus: USA (New Mexico, W Texas); Mexico (Chihuahua); Type locality: ""6.5 mi. N and 1.5 mi. W of Chihuahua City, Chihuahua, Mexico"".

melanomaculatus: Mexico (NE Durango, Coahuila, N Zacatecas, S Nuevo Leon, San Luis Potosi, SW Tamaulipas). Type locality: 3.8 km S, 1.7 km E Graseros on the highway to Presa Francisco Zarca, el 1250 m, Durango, Mexico (25 14′ 10″N, 103 47′W)"
