Species,Status,Source,Access date,URL
Acrochordus javanicus,Non-native,Krysko et al. 2016 (Rep,12-Jan-26,https://journals.ku.edu/reptilesandamphibians/article/view/14119
Afrixalus fornasini,Non-native,Krysko et al. 2016 (Rep,12-Jan-26,https://journals.ku.edu/reptilesandamphibians/article/view/14119
Agama picticauda,Non-native,Krysko et al. 2016 (Rep,12-Jan-26,https://journals.ku.edu/reptilesandamphibians/article/view/14119
Ahaetulla nasuta,Non-native,Krysko et al. 2016 (Rep,12-Jan-26,https://journals.ku.edu/reptilesandamphibians/article/view/14119
Aldabrachelys gigantea,Non-native,Krysko et al. 2016 (Rep,12-Jan-26,https://journals.ku.edu/reptilesandamphibians/article/view/14119
Ameiva ameiva,Non-native,Krysko et al. 2016 (Rep,12-Jan-26,https://journals.ku.edu/reptilesandamphibians/article/view/14119
Ameiva praesignis,Non-native,Krysko et al. 2016 (Rep,12-Jan-26,https://journals.ku.edu/reptilesandamphibians/article/view/14119
Anolis allisoni,Non-native,Krysko et al. 2016 (Rep,12-Jan-26,https://journals.ku.edu/reptilesandamphibians/article/view/14119
Anolis chlorocyanus,Non-native,Krysko et al. 2016 (Rep,12-Jan-26,https://journals.ku.edu/reptilesandamphibians/article/view/14119
Anolis cristatellus,Non-native,Krysko et al. 2016 (Rep,12-Jan-26,https://journals.ku.edu/reptilesandamphibians/article/view/14119
Anolis cybotes,Non-native,Krysko et al. 2016 (Rep,12-Jan-26,https://journals.ku.edu/reptilesandamphibians/article/view/14119
Anolis distichus,Non-native,Krysko et al. 2016 (Rep,12-Jan-26,https://journals.ku.edu/reptilesandamphibians/article/view/14119
Anolis equestris,Non-native,Krysko et al. 2016 (Rep,12-Jan-26,https://journals.ku.edu/reptilesandamphibians/article/view/14119
Anolis garmani,Non-native,Krysko et al. 2016 (Rep,12-Jan-26,https://journals.ku.edu/reptilesandamphibians/article/view/14119
Anolis porcatus,Non-native,Krysko et al. 2016 (Rep,12-Jan-26,https://journals.ku.edu/reptilesandamphibians/article/view/14119
Anolis sagrei,Non-native,Krysko et al. 2016 (Rep,12-Jan-26,https://journals.ku.edu/reptilesandamphibians/article/view/14119
Antaresia maculosa,Non-native,The Reptile Database,12-Jan-26,http://www.reptile-database.org/
Aspidoscelis motaguae,Non-native,Krysko et al. 2016 (Rep,12-Jan-26,https://journals.ku.edu/reptilesandamphibians/article/view/14119
Basiliscus plumifrons,Non-native,Krysko et al. 2016 (Rep,12-Jan-26,https://journals.ku.edu/reptilesandamphibians/article/view/14119
Basiliscus vittatus,Non-native,Krysko et al. 2016 (Rep,12-Jan-26,https://journals.ku.edu/reptilesandamphibians/article/view/14119
Boa constrictor,Non-native,Krysko et al. 2016 (Rep,12-Jan-26,https://journals.ku.edu/reptilesandamphibians/article/view/14119
Boa dumerili,Non-native,Krysko et al. 2016 (Rep,12-Jan-26,https://journals.ku.edu/reptilesandamphibians/article/view/14119
Boa imperator,Non-native,The Reptile Database,12-Jan-26,http://www.reptile-database.org/
Bombina orientalis,Non-native,Krysko et al. 2016 (Rep,12-Jan-26,https://journals.ku.edu/reptilesandamphibians/article/view/14119
Borikenophis portoricensis,Non-native,Krysko et al. 2016 (Rep,12-Jan-26,https://journals.ku.edu/reptilesandamphibians/article/view/14119
Caiman crocodilus,Non-native,Krysko et al. 2016 (Rep,12-Jan-26,https://journals.ku.edu/reptilesandamphibians/article/view/14119
Calabaria reinhardtii,Non-native,Krysko et al. 2016 (Rep,12-Jan-26,https://journals.ku.edu/reptilesandamphibians/article/view/14119
Calotes versicolor,Non-native,The Reptile Database,12-Jan-26,http://www.reptile-database.org/
Centrochelys sulcata,Non-native,Krysko et al. 2016 (Rep,12-Jan-26,https://journals.ku.edu/reptilesandamphibians/article/view/14119
Chalcides ocellatus,Non-native,Krysko et al. 2016 (Rep,12-Jan-26,https://journals.ku.edu/reptilesandamphibians/article/view/14119
Chamaeleo calyptratus,Non-native,Krysko et al. 2016 (Rep,12-Jan-26,https://journals.ku.edu/reptilesandamphibians/article/view/14119
Chelonoidis carbonarius,Non-native,Krysko et al. 2016 (Rep,12-Jan-26,https://journals.ku.edu/reptilesandamphibians/article/view/14119
Chelonoidis denticulatus,Non-native,Krysko et al. 2016 (Rep,12-Jan-26,https://journals.ku.edu/reptilesandamphibians/article/view/14119
Chilabothrus inornatus,Non-native,Krysko et al. 2016 (Rep,12-Jan-26,https://journals.ku.edu/reptilesandamphibians/article/view/14119
Chilabothrus strigilatus,Non-native,Krysko et al. 2016 (Rep,12-Jan-26,https://journals.ku.edu/reptilesandamphibians/article/view/14119
Chlamydosaurus kingii,Non-native,The Reptile Database,12-Jan-26,http://www.reptile-database.org/
Chondrodactylus bibronii,Non-native,Krysko et al. 2016 (Rep,12-Jan-26,https://journals.ku.edu/reptilesandamphibians/article/view/14119
Chondrodactylus turneri,Non-native,Krysko et al. 2016 (Rep,12-Jan-26,https://journals.ku.edu/reptilesandamphibians/article/view/14119
Chrysemys picta,Non-native,Krysko et al. 2016 (Rep,12-Jan-26,https://journals.ku.edu/reptilesandamphibians/article/view/14119
Chrysopelea ornata,Non-native,Krysko et al. 2016 (Rep,12-Jan-26,https://journals.ku.edu/reptilesandamphibians/article/view/14119
Cnemidophorus lemniscatus,Non-native,Krysko et al. 2016 (Rep,12-Jan-26,https://journals.ku.edu/reptilesandamphibians/article/view/14119
Corallus hortulana,Non-native,The Reptile Database,12-Jan-26,http://www.reptile-database.org/
Crocodylus moreletii,Non-native,The Reptile Database,12-Jan-26,http://www.reptile-database.org/
Crocodylus niloticus,Non-native,Krysko et al. 2016 (Rep,12-Jan-26,https://journals.ku.edu/reptilesandamphibians/article/view/14119
Ctenosaura pectinata,Non-native,Krysko et al. 2016 (Rep,12-Jan-26,https://journals.ku.edu/reptilesandamphibians/article/view/14119
Ctenosaura similis,Non-native,Krysko et al. 2016 (Rep,12-Jan-26,https://journals.ku.edu/reptilesandamphibians/article/view/14119
Cyclura cornuta,Non-native,Krysko et al. 2016 (Rep,12-Jan-26,https://journals.ku.edu/reptilesandamphibians/article/view/14119
Dendrelaphis pictus,Non-native,Krysko et al. 2016 (Rep,12-Jan-26,https://journals.ku.edu/reptilesandamphibians/article/view/14119
Dracaena guianensis,Non-native,Krysko et al. 2016 (Rep,12-Jan-26,https://journals.ku.edu/reptilesandamphibians/article/view/14119
Duttaphrynus melanostictus,Non-native,Krysko et al. 2016 (Rep,12-Jan-26,https://journals.ku.edu/reptilesandamphibians/article/view/14119
Eleutherodactylus coqui,Non-native,Krysko et al. 2016 (Rep,12-Jan-26,https://journals.ku.edu/reptilesandamphibians/article/view/14119
Eleutherodactylus planirostris,Non-native,Krysko et al. 2016 (Rep,12-Jan-26,https://journals.ku.edu/reptilesandamphibians/article/view/14119
Emydura subglobosa,Non-native,The Reptile Database,12-Jan-26,http://www.reptile-database.org/
Epicrates cenchria,Non-native,Krysko et al. 2016 (Rep,12-Jan-26,https://journals.ku.edu/reptilesandamphibians/article/view/14119
Epicrates crassus,Non-native,Krysko et al. 2016 (Rep,12-Jan-26,https://journals.ku.edu/reptilesandamphibians/article/view/14119
Erpeton tentaculatum,Non-native,Krysko et al. 2016 (Rep,12-Jan-26,https://journals.ku.edu/reptilesandamphibians/article/view/14119
Eryx colubrinus,Non-native,The Reptile Database,12-Jan-26,http://www.reptile-database.org/
Eublepharis macularius,Non-native,Krysko et al. 2016 (Rep,12-Jan-26,https://journals.ku.edu/reptilesandamphibians/article/view/14119
Eunectes murinus,Non-native,Krysko et al. 2016 (Rep,12-Jan-26,https://journals.ku.edu/reptilesandamphibians/article/view/14119
Eunectes notaeus,Non-native,Krysko et al. 2016 (Rep,12-Jan-26,https://journals.ku.edu/reptilesandamphibians/article/view/14119
Eutropis multifasciata,Non-native,Krysko et al. 2016 (Rep,12-Jan-26,https://journals.ku.edu/reptilesandamphibians/article/view/14119
Furcifer lateralis,Non-native,Krysko et al. 2016 (Rep,12-Jan-26,https://journals.ku.edu/reptilesandamphibians/article/view/14119
Furcifer oustaleti,Non-native,Krysko et al. 2016 (Rep,12-Jan-26,https://journals.ku.edu/reptilesandamphibians/article/view/14119
Furcifer pardalis,Non-native,Krysko et al. 2016 (Rep,12-Jan-26,https://journals.ku.edu/reptilesandamphibians/article/view/14119
Gekko badenii,Non-native,Krysko et al. 2016 (Rep,12-Jan-26,https://journals.ku.edu/reptilesandamphibians/article/view/14119
Gekko gecko,Non-native,Krysko et al. 2016 (Rep,12-Jan-26,https://journals.ku.edu/reptilesandamphibians/article/view/14119
Gekko grossmanni,Non-native,Krysko et al. 2016 (Rep,12-Jan-26,https://journals.ku.edu/reptilesandamphibians/article/view/14119
Gekko vittatus,Non-native,Krysko et al. 2016 (Rep,12-Jan-26,https://journals.ku.edu/reptilesandamphibians/article/view/14119
Geochelone pardalis,Non-native,The Reptile Database,12-Jan-26,http://www.reptile-database.org/
Gerrhosaurus flavigularis,Non-native,The Reptile Database,12-Jan-26,http://www.reptile-database.org/
Gongylophis colubrinus,Non-native,The Reptile Database,12-Jan-26,http://www.reptile-database.org/
Gonocephalus grandis,Non-native,Krysko et al. 2016 (Rep,12-Jan-26,https://journals.ku.edu/reptilesandamphibians/article/view/14119
Graptemys oculifera,Non-native,The Reptile Database,12-Jan-26,http://www.reptile-database.org/
Graptemys ouachitensis,Non-native,Krysko et al. 2016 (Rep,12-Jan-26,https://journals.ku.edu/reptilesandamphibians/article/view/14119
Graptemys pseudogeographica,Non-native,Krysko et al. 2016 (Rep,12-Jan-26,https://journals.ku.edu/reptilesandamphibians/article/view/14119
Hemidactylus frenatus,Non-native,Krysko et al. 2016 (Rep,12-Jan-26,https://journals.ku.edu/reptilesandamphibians/article/view/14119
Hemidactylus garnotii,Non-native,Krysko et al. 2016 (Rep,12-Jan-26,https://journals.ku.edu/reptilesandamphibians/article/view/14119
Hemidactylus mabouia,Non-native,Krysko et al. 2016 (Rep,12-Jan-26,https://journals.ku.edu/reptilesandamphibians/article/view/14119
Hemidactylus parvimaculatus,Non-native,The Reptile Database,12-Jan-26,http://www.reptile-database.org/
Hemidactylus platyurus,Non-native,Krysko et al. 2016 (Rep,12-Jan-26,https://journals.ku.edu/reptilesandamphibians/article/view/14119
Hemidactylus turcicus,Non-native,Krysko et al. 2016 (Rep,12-Jan-26,https://journals.ku.edu/reptilesandamphibians/article/view/14119
Hemitheconyx caudicinctus,Non-native,The Reptile Database,12-Jan-26,http://www.reptile-database.org/
Hyla savignyi,Non-native,Krysko et al. 2016 (Rep,12-Jan-26,https://journals.ku.edu/reptilesandamphibians/article/view/14119
Hypselotriton orientalis,Non-native,Krysko et al. 2016 (Rep,12-Jan-26,https://journals.ku.edu/reptilesandamphibians/article/view/14119
Iguana iguana,Non-native,Krysko et al. 2016 (Rep,12-Jan-26,https://journals.ku.edu/reptilesandamphibians/article/view/14119
Indotestudo elongata,Non-native,The Reptile Database,12-Jan-26,http://www.reptile-database.org/
Indotyphlops braminus,Non-native,Krysko et al. 2016 (Rep,12-Jan-26,https://journals.ku.edu/reptilesandamphibians/article/view/14119
Kinixys homeana,Non-native,Krysko et al. 2016 (Rep,12-Jan-26,https://journals.ku.edu/reptilesandamphibians/article/view/14119
Lacerta viridis,Non-native,The Reptile Database,12-Jan-26,http://www.reptile-database.org/
Langaha madagascariensis,Non-native,Krysko et al. 2016 (Rep,12-Jan-26,https://journals.ku.edu/reptilesandamphibians/article/view/14119
Laudakia stellio,Non-native,The Reptile Database,12-Jan-26,http://www.reptile-database.org/
Leiocephalus carinatus,Non-native,Krysko et al. 2016 (Rep,12-Jan-26,https://journals.ku.edu/reptilesandamphibians/article/view/14119
Leiocephalus schreibersii,Non-native,Krysko et al. 2016 (Rep,12-Jan-26,https://journals.ku.edu/reptilesandamphibians/article/view/14119
Leiolepis belliana,Non-native,Krysko et al. 2016 (Rep,12-Jan-26,https://journals.ku.edu/reptilesandamphibians/article/view/14119
Leiolepis rubritaeniata,Non-native,Krysko et al. 2016 (Rep,12-Jan-26,https://journals.ku.edu/reptilesandamphibians/article/view/14119
Lepidodactylus lugubris,Non-native,Krysko et al. 2016 (Rep,12-Jan-26,https://journals.ku.edu/reptilesandamphibians/article/view/14119
Lygodactylus picturatus,Non-native,Krysko et al. 2016 (Rep,12-Jan-26,https://journals.ku.edu/reptilesandamphibians/article/view/14119
Manouria emys,Non-native,Krysko et al. 2016 (Rep,12-Jan-26,https://journals.ku.edu/reptilesandamphibians/article/view/14119
Mauremys sinensis,Non-native,Krysko et al. 2016 (Rep,12-Jan-26,https://journals.ku.edu/reptilesandamphibians/article/view/14119
Morelia spilota,Non-native,Krysko et al. 2016 (Rep,12-Jan-26,https://journals.ku.edu/reptilesandamphibians/article/view/14119
Orthriophis taeniurus,Non-native,Krysko et al. 2016 (Rep,12-Jan-26,https://journals.ku.edu/reptilesandamphibians/article/view/14119
Osteopilus septentrionalis,Non-native,Krysko et al. 2016 (Rep,12-Jan-26,https://journals.ku.edu/reptilesandamphibians/article/view/14119
Pachytriton labiatus,Non-native,Krysko et al. 2016 (Rep,12-Jan-26,https://journals.ku.edu/reptilesandamphibians/article/view/14119
Pelusios castaneus,Non-native,The Reptile Database,12-Jan-26,http://www.reptile-database.org/
Pelusios sinuatus,Non-native,Krysko et al. 2016 (Rep,12-Jan-26,https://journals.ku.edu/reptilesandamphibians/article/view/14119
Phelsuma grandis,Non-native,Krysko et al. 2016 (Rep,12-Jan-26,https://journals.ku.edu/reptilesandamphibians/article/view/14119
Phelsuma laticauda,Non-native,Krysko et al. 2016 (Rep,12-Jan-26,https://journals.ku.edu/reptilesandamphibians/article/view/14119
Phrynosoma cornutum,Non-native,Krysko et al. 2016 (Rep,12-Jan-26,https://journals.ku.edu/reptilesandamphibians/article/view/14119
Physignathus cocincinus,Non-native,Krysko et al. 2016 (Rep,12-Jan-26,https://journals.ku.edu/reptilesandamphibians/article/view/14119
Pogona vitticeps,Non-native,Krysko et al. 2016 (Rep,12-Jan-26,https://journals.ku.edu/reptilesandamphibians/article/view/14119
Ptychozoon kuhli,Non-native,Krysko et al. 2016 (Rep,12-Jan-26,https://journals.ku.edu/reptilesandamphibians/article/view/14119
Python bivittatus,Non-native,Krysko et al. 2016 (Rep,12-Jan-26,https://journals.ku.edu/reptilesandamphibians/article/view/14119
Python breitensteini,Non-native,The Reptile Database,12-Jan-26,http://www.reptile-database.org/
Python curtus,Non-native,The Reptile Database,12-Jan-26,http://www.reptile-database.org/
Python regius,Non-native,Krysko et al. 2016 (Rep,12-Jan-26,https://journals.ku.edu/reptilesandamphibians/article/view/14119
Python reticulatus,Non-native,The Reptile Database,12-Jan-26,http://www.reptile-database.org/
Python sebae,Non-native,Krysko et al. 2016 (Rep,12-Jan-26,https://journals.ku.edu/reptilesandamphibians/article/view/14119
Ranoidea caerulea,Non-native,"U.S. Geological Survey, Nonindigenous Aquatic Species Database",12-Jan-26,https://nas.er.usgs.gov/queries/default.aspx
Rhinella horribilis,Non-native,"U.S. Geological Survey, Nonindigenous Aquatic Species Database",12-Jan-26,https://nas.er.usgs.gov/queries/default.aspx
Rhinella marina,Non-native,Krysko et al. 2016 (Rep,12-Jan-26,https://journals.ku.edu/reptilesandamphibians/article/view/14119
Rhinoclemmys pulcherrima,Non-native,Krysko et al. 2016 (Rep,12-Jan-26,https://journals.ku.edu/reptilesandamphibians/article/view/14119
Salvator merianae,Non-native,Krysko et al. 2016 (Rep,12-Jan-26,https://journals.ku.edu/reptilesandamphibians/article/view/14119
Salvator rufescens,Non-native,Krysko et al. 2016 (Rep,12-Jan-26,https://journals.ku.edu/reptilesandamphibians/article/view/14119
Sphaerodactylus elegans,Non-native,Krysko et al. 2016 (Rep,12-Jan-26,https://journals.ku.edu/reptilesandamphibians/article/view/14119
Staurotypus salvinii,Non-native,Krysko et al. 2016 (Rep,12-Jan-26,https://journals.ku.edu/reptilesandamphibians/article/view/14119
Tarentola annularis,Non-native,Krysko et al. 2016 (Rep,12-Jan-26,https://journals.ku.edu/reptilesandamphibians/article/view/14119
Tarentola mauritanica,Non-native,Krysko et al. 2016 (Rep,12-Jan-26,https://journals.ku.edu/reptilesandamphibians/article/view/14119
Terrapene ornata,Non-native,The Reptile Database,12-Jan-26,http://www.reptile-database.org/
Testudo hermanni,Non-native,The Reptile Database,12-Jan-26,http://www.reptile-database.org/
Testudo horsfieldii,Non-native,Krysko et al. 2016 (Rep,12-Jan-26,https://journals.ku.edu/reptilesandamphibians/article/view/14119
Tiliqua scincoides,Non-native,Krysko et al. 2016 (Rep,12-Jan-26,https://journals.ku.edu/reptilesandamphibians/article/view/14119
Trachemys script,Non-native,Florida Fish and Wildlife Conservation Commission,12-Jan-26,https://myfwc.com/wildlifehabitats/profiles/reptiles/freshwater-turtles/red-eared-slider/
Trachemys venusta,Non-native,Krysko et al. 2016 (Rep,12-Jan-26,https://journals.ku.edu/reptilesandamphibians/article/view/14119
Trachylepis quinquetaeniata,Non-native,Krysko et al. 2016 (Rep,12-Jan-26,https://journals.ku.edu/reptilesandamphibians/article/view/14119
Tropidurus hispidus,Non-native,Krysko et al. 2016 (Rep,12-Jan-26,https://journals.ku.edu/reptilesandamphibians/article/view/14119
Tupinambis teguixin,Non-native,Krysko et al. 2016 (Rep,12-Jan-26,https://journals.ku.edu/reptilesandamphibians/article/view/14119
Typhlonectes natans,Non-native,"U.S. Geological Survey, Nonindigenous Aquatic Species Database",12-Jan-26,https://nas.er.usgs.gov/queries/default.aspx
Uta stansburiana,Non-native,The Reptile Database,12-Jan-26,http://www.reptile-database.org/
Varanus albigularis,Non-native,Krysko et al. 2016 (Rep,12-Jan-26,https://journals.ku.edu/reptilesandamphibians/article/view/14119
Varanus doreanus,Non-native,Krysko et al. 2016 (Rep,12-Jan-26,https://journals.ku.edu/reptilesandamphibians/article/view/14119
Varanus exanthematicus,Non-native,Krysko et al. 2016 (Rep,12-Jan-26,https://journals.ku.edu/reptilesandamphibians/article/view/14119
Varanus indicus,Non-native,Krysko et al. 2016 (Rep,12-Jan-26,https://journals.ku.edu/reptilesandamphibians/article/view/14119
Varanus jobiensis,Non-native,Krysko et al. 2016 (Rep,12-Jan-26,https://journals.ku.edu/reptilesandamphibians/article/view/14119
Varanus niloticus,Non-native,Krysko et al. 2016 (Rep,12-Jan-26,https://journals.ku.edu/reptilesandamphibians/article/view/14119
Varanus ornatus,Non-native,The Reptile Database,12-Jan-26,http://www.reptile-database.org/
Varanus panoptes,Non-native,Krysko et al. 2016 (Rep,12-Jan-26,https://journals.ku.edu/reptilesandamphibians/article/view/14119
Varanus rudicollis,Non-native,The Reptile Database,12-Jan-26,http://www.reptile-database.org/
Varanus salvadorii,Non-native,Krysko et al. 2016 (Rep,12-Jan-26,https://journals.ku.edu/reptilesandamphibians/article/view/14119
Varanus salvator,Non-native,Krysko et al. 2016 (Rep,12-Jan-26,https://journals.ku.edu/reptilesandamphibians/article/view/14119
Xenopus laevis,Non-native,Krysko et al. 2016 (Rep,12-Jan-26,https://journals.ku.edu/reptilesandamphibians/article/view/14119
Zamenis scalaris,Non-native,The Reptile Database,12-Jan-26,http://www.reptile-database.org/
